Validation_Set,Topics,Alpha,Beta,Coherence
75% Corpus,2,0.01,0.01,0.5281675853885208
75% Corpus,2,0.01,0.31,0.5456743484272322
75% Corpus,2,0.01,0.61,0.5350823149514345
75% Corpus,2,0.01,0.9099999999999999,0.5129140153230144
75% Corpus,2,0.01,symmetric,0.5623675604432825
75% Corpus,2,0.31,0.01,0.5614724771986797
75% Corpus,2,0.31,0.31,0.5730935104729203
75% Corpus,2,0.31,0.61,0.5280166957820474
75% Corpus,2,0.31,0.9099999999999999,0.5426844266839869
75% Corpus,2,0.31,symmetric,0.563862156896323
75% Corpus,2,0.61,0.01,0.5836963289023841
75% Corpus,2,0.61,0.31,0.5822328655498517
75% Corpus,2,0.61,0.61,0.5769277655247633
75% Corpus,2,0.61,0.9099999999999999,0.5822328655498517
75% Corpus,2,0.61,symmetric,0.5769277655247633
75% Corpus,2,0.9099999999999999,0.01,0.5695757476332317
75% Corpus,2,0.9099999999999999,0.31,0.5787025962698703
75% Corpus,2,0.9099999999999999,0.61,0.5787025962698704
75% Corpus,2,0.9099999999999999,0.9099999999999999,0.5822328655498515
75% Corpus,2,0.9099999999999999,symmetric,0.5822328655498517
75% Corpus,2,symmetric,0.01,0.5848229278792186
75% Corpus,2,symmetric,0.31,0.5822328655498517
75% Corpus,2,symmetric,0.61,0.5811171359636473
75% Corpus,2,symmetric,0.9099999999999999,0.5822328655498517
75% Corpus,2,symmetric,symmetric,0.5710822531551365
75% Corpus,2,asymmetric,0.01,0.5687833052362387
75% Corpus,2,asymmetric,0.31,0.557535032740796
75% Corpus,2,asymmetric,0.61,0.5749166389472271
75% Corpus,2,asymmetric,0.9099999999999999,0.5518650543958907
75% Corpus,2,asymmetric,symmetric,0.5749262938269049
75% Corpus,3,0.01,0.01,0.5561477595360804
75% Corpus,3,0.01,0.31,0.5384481313690304
75% Corpus,3,0.01,0.61,0.5448587853615704
75% Corpus,3,0.01,0.9099999999999999,0.5663045392936659
75% Corpus,3,0.01,symmetric,0.5638290917990164
75% Corpus,3,0.31,0.01,0.5816215710215019
75% Corpus,3,0.31,0.31,0.5961412637834544
75% Corpus,3,0.31,0.61,0.5601923545178287
75% Corpus,3,0.31,0.9099999999999999,0.5640029130850758
75% Corpus,3,0.31,symmetric,0.5882113358895872
75% Corpus,3,0.61,0.01,0.5802800141363202
75% Corpus,3,0.61,0.31,0.5665297833469544
75% Corpus,3,0.61,0.61,0.5626162913613847
75% Corpus,3,0.61,0.9099999999999999,0.5688864897058391
75% Corpus,3,0.61,symmetric,0.5631300529790829
75% Corpus,3,0.9099999999999999,0.01,0.5921936741341493
75% Corpus,3,0.9099999999999999,0.31,0.56310772394177
75% Corpus,3,0.9099999999999999,0.61,0.5486838474650898
75% Corpus,3,0.9099999999999999,0.9099999999999999,0.5649648319352006
75% Corpus,3,0.9099999999999999,symmetric,0.566446246906879
75% Corpus,3,symmetric,0.01,0.5823420044734359
75% Corpus,3,symmetric,0.31,0.5879874239982873
75% Corpus,3,symmetric,0.61,0.5739947574880484
75% Corpus,3,symmetric,0.9099999999999999,0.5617885899489693
75% Corpus,3,symmetric,symmetric,0.5925472330897033
75% Corpus,3,asymmetric,0.01,0.5656220876841098
75% Corpus,3,asymmetric,0.31,0.5843757542579398
75% Corpus,3,asymmetric,0.61,0.57048231769945
75% Corpus,3,asymmetric,0.9099999999999999,0.5699969535976886
75% Corpus,3,asymmetric,symmetric,0.5641557210104652
75% Corpus,4,0.01,0.01,0.5706422558719468
75% Corpus,4,0.01,0.31,0.5743419760270936
75% Corpus,4,0.01,0.61,0.5803439411086484
75% Corpus,4,0.01,0.9099999999999999,0.5777988815349748
75% Corpus,4,0.01,symmetric,0.5575205518762542
75% Corpus,4,0.31,0.01,0.5590971549317186
75% Corpus,4,0.31,0.31,0.5630661560228299
75% Corpus,4,0.31,0.61,0.5810430049519215
75% Corpus,4,0.31,0.9099999999999999,0.5211040991692013
75% Corpus,4,0.31,symmetric,0.5268349020736498
75% Corpus,4,0.61,0.01,0.5514175769140147
75% Corpus,4,0.61,0.31,0.5610538694172069
75% Corpus,4,0.61,0.61,0.5994678661273691
75% Corpus,4,0.61,0.9099999999999999,0.5710393808567651
75% Corpus,4,0.61,symmetric,0.5816601306020213
75% Corpus,4,0.9099999999999999,0.01,0.5551721823875914
75% Corpus,4,0.9099999999999999,0.31,0.5792961163590801
75% Corpus,4,0.9099999999999999,0.61,0.6134132930429684
75% Corpus,4,0.9099999999999999,0.9099999999999999,0.6135789516338579
75% Corpus,4,0.9099999999999999,symmetric,0.5915111006952304
75% Corpus,4,symmetric,0.01,0.5711305358243126
75% Corpus,4,symmetric,0.31,0.5452753720403137
75% Corpus,4,symmetric,0.61,0.582151868139358
75% Corpus,4,symmetric,0.9099999999999999,0.5635504656783121
75% Corpus,4,symmetric,symmetric,0.5579004647483476
75% Corpus,4,asymmetric,0.01,0.5782058912885273
75% Corpus,4,asymmetric,0.31,0.616922852940114
75% Corpus,4,asymmetric,0.61,0.6233118864253467
75% Corpus,4,asymmetric,0.9099999999999999,0.5812613186359427
75% Corpus,4,asymmetric,symmetric,0.6299628306968259
75% Corpus,5,0.01,0.01,0.5673612599634539
75% Corpus,5,0.01,0.31,0.5637783715613324
75% Corpus,5,0.01,0.61,0.560779147733485
75% Corpus,5,0.01,0.9099999999999999,0.6163616563722503
75% Corpus,5,0.01,symmetric,0.5416600970229202
75% Corpus,5,0.31,0.01,0.5639271854325572
75% Corpus,5,0.31,0.31,0.5659079666643422
75% Corpus,5,0.31,0.61,0.5757690991247794
75% Corpus,5,0.31,0.9099999999999999,0.5832547276632447
75% Corpus,5,0.31,symmetric,0.5707184912429499
75% Corpus,5,0.61,0.01,0.6003423682274052
75% Corpus,5,0.61,0.31,0.6230896332579865
75% Corpus,5,0.61,0.61,0.6138980351698163
75% Corpus,5,0.61,0.9099999999999999,0.6029875351653117
75% Corpus,5,0.61,symmetric,0.623208016019541
75% Corpus,5,0.9099999999999999,0.01,0.5991473161474031
75% Corpus,5,0.9099999999999999,0.31,0.6119252884292953
75% Corpus,5,0.9099999999999999,0.61,0.6260116211308201
75% Corpus,5,0.9099999999999999,0.9099999999999999,0.617848600129172
75% Corpus,5,0.9099999999999999,symmetric,0.6066406838809364
75% Corpus,5,symmetric,0.01,0.5510265668289219
75% Corpus,5,symmetric,0.31,0.5447706154914196
75% Corpus,5,symmetric,0.61,0.5729821217186022
75% Corpus,5,symmetric,0.9099999999999999,0.5776147007615562
75% Corpus,5,symmetric,symmetric,0.5562206419344631
75% Corpus,5,asymmetric,0.01,0.6316944541789212
75% Corpus,5,asymmetric,0.31,0.6062826051798871
75% Corpus,5,asymmetric,0.61,0.5998064400928593
75% Corpus,5,asymmetric,0.9099999999999999,0.6116444959066379
75% Corpus,5,asymmetric,symmetric,0.6492828915148685
75% Corpus,6,0.01,0.01,0.5578405508397228
75% Corpus,6,0.01,0.31,0.5508036543719923
75% Corpus,6,0.01,0.61,0.5678017046302437
75% Corpus,6,0.01,0.9099999999999999,0.5809336922152167
75% Corpus,6,0.01,symmetric,0.5653348643069396
75% Corpus,6,0.31,0.01,0.5900912941578915
75% Corpus,6,0.31,0.31,0.5835520604519986
75% Corpus,6,0.31,0.61,0.5803463963186383
75% Corpus,6,0.31,0.9099999999999999,0.5871848667041891
75% Corpus,6,0.31,symmetric,0.5717148381045359
75% Corpus,6,0.61,0.01,0.5520339609372084
75% Corpus,6,0.61,0.31,0.5626787759259041
75% Corpus,6,0.61,0.61,0.5725849170733291
75% Corpus,6,0.61,0.9099999999999999,0.5816475400279478
75% Corpus,6,0.61,symmetric,0.5533506738552446
75% Corpus,6,0.9099999999999999,0.01,0.5528233845038989
75% Corpus,6,0.9099999999999999,0.31,0.572273540708148
75% Corpus,6,0.9099999999999999,0.61,0.5722004160449222
75% Corpus,6,0.9099999999999999,0.9099999999999999,0.5823777117476534
75% Corpus,6,0.9099999999999999,symmetric,0.5708965223890843
75% Corpus,6,symmetric,0.01,0.5732236061965765
75% Corpus,6,symmetric,0.31,0.567674172626996
75% Corpus,6,symmetric,0.61,0.5850671699442843
75% Corpus,6,symmetric,0.9099999999999999,0.5829681990672181
75% Corpus,6,symmetric,symmetric,0.5591500968008449
75% Corpus,6,asymmetric,0.01,0.5699620458460835
75% Corpus,6,asymmetric,0.31,0.5774471802492794
75% Corpus,6,asymmetric,0.61,0.6179351354675584
75% Corpus,6,asymmetric,0.9099999999999999,0.5880630860041536
75% Corpus,6,asymmetric,symmetric,0.5914289312568258
75% Corpus,7,0.01,0.01,0.5649616160538699
75% Corpus,7,0.01,0.31,0.5308819991442685
75% Corpus,7,0.01,0.61,0.5369730380889367
75% Corpus,7,0.01,0.9099999999999999,0.5728007485179948
75% Corpus,7,0.01,symmetric,0.5751113219205893
75% Corpus,7,0.31,0.01,0.57361077719383
75% Corpus,7,0.31,0.31,0.6051583310510653
75% Corpus,7,0.31,0.61,0.6016672475543927
75% Corpus,7,0.31,0.9099999999999999,0.6150705795267816
75% Corpus,7,0.31,symmetric,0.5558997597720865
75% Corpus,7,0.61,0.01,0.5738087001627876
75% Corpus,7,0.61,0.31,0.5578118584472705
75% Corpus,7,0.61,0.61,0.5848868085040714
75% Corpus,7,0.61,0.9099999999999999,0.5725154420012383
75% Corpus,7,0.61,symmetric,0.5427678087928964
75% Corpus,7,0.9099999999999999,0.01,0.603411884864121
75% Corpus,7,0.9099999999999999,0.31,0.5632990492490543
75% Corpus,7,0.9099999999999999,0.61,0.6038026012867714
75% Corpus,7,0.9099999999999999,0.9099999999999999,0.5769623430608687
75% Corpus,7,0.9099999999999999,symmetric,0.5826323389899254
75% Corpus,7,symmetric,0.01,0.574835322191987
75% Corpus,7,symmetric,0.31,0.5862724427871637
75% Corpus,7,symmetric,0.61,0.5786159156038047
75% Corpus,7,symmetric,0.9099999999999999,0.5717404894192603
75% Corpus,7,symmetric,symmetric,0.5640446464793044
75% Corpus,7,asymmetric,0.01,0.5848972729530922
75% Corpus,7,asymmetric,0.31,0.5734281653331107
75% Corpus,7,asymmetric,0.61,0.5547922857818931
75% Corpus,7,asymmetric,0.9099999999999999,0.5493760831205629
75% Corpus,7,asymmetric,symmetric,0.6088300596202372
75% Corpus,8,0.01,0.01,0.5473805802753714
75% Corpus,8,0.01,0.31,0.5450880421252748
75% Corpus,8,0.01,0.61,0.5304700172957211
75% Corpus,8,0.01,0.9099999999999999,0.5446615649961057
75% Corpus,8,0.01,symmetric,0.5472689961952517
75% Corpus,8,0.31,0.01,0.5677938867434577
75% Corpus,8,0.31,0.31,0.575936441300685
75% Corpus,8,0.31,0.61,0.5864274461104287
75% Corpus,8,0.31,0.9099999999999999,0.56217065460535
75% Corpus,8,0.31,symmetric,0.5737926652980437
75% Corpus,8,0.61,0.01,0.5620589113854563
75% Corpus,8,0.61,0.31,0.5591282122679788
75% Corpus,8,0.61,0.61,0.5754891402678145
75% Corpus,8,0.61,0.9099999999999999,0.5589150197433131
75% Corpus,8,0.61,symmetric,0.5692008512609229
75% Corpus,8,0.9099999999999999,0.01,0.5635572242820839
75% Corpus,8,0.9099999999999999,0.31,0.5706774117926602
75% Corpus,8,0.9099999999999999,0.61,0.5789245418806002
75% Corpus,8,0.9099999999999999,0.9099999999999999,0.5870579584118079
75% Corpus,8,0.9099999999999999,symmetric,0.5843590123282247
75% Corpus,8,symmetric,0.01,0.5464780278772858
75% Corpus,8,symmetric,0.31,0.5566365841397974
75% Corpus,8,symmetric,0.61,0.5534406625052599
75% Corpus,8,symmetric,0.9099999999999999,0.54686925047874
75% Corpus,8,symmetric,symmetric,0.5447773373112056
75% Corpus,8,asymmetric,0.01,0.6119524612050771
75% Corpus,8,asymmetric,0.31,0.631017148218562
75% Corpus,8,asymmetric,0.61,0.5917515000459597
75% Corpus,8,asymmetric,0.9099999999999999,0.5464497021266512
75% Corpus,8,asymmetric,symmetric,0.613664785493486
75% Corpus,9,0.01,0.01,0.5381816590481381
75% Corpus,9,0.01,0.31,0.5284003254643934
75% Corpus,9,0.01,0.61,0.5620227097315573
75% Corpus,9,0.01,0.9099999999999999,0.5890194183977994
75% Corpus,9,0.01,symmetric,0.5552778268087354
75% Corpus,9,0.31,0.01,0.565136918019792
75% Corpus,9,0.31,0.31,0.5853704329641239
75% Corpus,9,0.31,0.61,0.6074808317677379
75% Corpus,9,0.31,0.9099999999999999,0.5876036547687497
75% Corpus,9,0.31,symmetric,0.5714961522432601
75% Corpus,9,0.61,0.01,0.5457020593879123
75% Corpus,9,0.61,0.31,0.5638964406189457
75% Corpus,9,0.61,0.61,0.5683972441754951
75% Corpus,9,0.61,0.9099999999999999,0.5689712471733309
75% Corpus,9,0.61,symmetric,0.5633026617714796
75% Corpus,9,0.9099999999999999,0.01,0.5717972223521063
75% Corpus,9,0.9099999999999999,0.31,0.5869136589076154
75% Corpus,9,0.9099999999999999,0.61,0.5803338699522779
75% Corpus,9,0.9099999999999999,0.9099999999999999,0.5711548319628934
75% Corpus,9,0.9099999999999999,symmetric,0.568994184620745
75% Corpus,9,symmetric,0.01,0.5545939758151257
75% Corpus,9,symmetric,0.31,0.5561256292337791
75% Corpus,9,symmetric,0.61,0.5494678055740537
75% Corpus,9,symmetric,0.9099999999999999,0.5696640102395449
75% Corpus,9,symmetric,symmetric,0.5432688097897779
75% Corpus,9,asymmetric,0.01,0.5528044241094691
75% Corpus,9,asymmetric,0.31,0.5448787449167497
75% Corpus,9,asymmetric,0.61,0.588318341189509
75% Corpus,9,asymmetric,0.9099999999999999,0.6260469052387614
75% Corpus,9,asymmetric,symmetric,0.5738943748581722
75% Corpus,10,0.01,0.01,0.5704941372148306
75% Corpus,10,0.01,0.31,0.5303189818677251
75% Corpus,10,0.01,0.61,0.5474605664950053
75% Corpus,10,0.01,0.9099999999999999,0.5591598761647897
75% Corpus,10,0.01,symmetric,0.5501451840299505
75% Corpus,10,0.31,0.01,0.5879782613107633
75% Corpus,10,0.31,0.31,0.6006244865081296
75% Corpus,10,0.31,0.61,0.5865619467167476
75% Corpus,10,0.31,0.9099999999999999,0.5458511124609345
75% Corpus,10,0.31,symmetric,0.5762284644585779
75% Corpus,10,0.61,0.01,0.5696099470693874
75% Corpus,10,0.61,0.31,0.5599212028890358
75% Corpus,10,0.61,0.61,0.5655494922901381
75% Corpus,10,0.61,0.9099999999999999,0.5611797899328568
75% Corpus,10,0.61,symmetric,0.5626338328426895
75% Corpus,10,0.9099999999999999,0.01,0.5580640681955193
75% Corpus,10,0.9099999999999999,0.31,0.5784489880401391
75% Corpus,10,0.9099999999999999,0.61,0.5818956100253975
75% Corpus,10,0.9099999999999999,0.9099999999999999,0.5720199172134098
75% Corpus,10,0.9099999999999999,symmetric,0.5766610691044941
75% Corpus,10,symmetric,0.01,0.556640782472336
75% Corpus,10,symmetric,0.31,0.5825667477726657
75% Corpus,10,symmetric,0.61,0.5305698687532542
75% Corpus,10,symmetric,0.9099999999999999,0.5141833365438215
75% Corpus,10,symmetric,symmetric,0.5655385257285668
75% Corpus,10,asymmetric,0.01,0.5643041677085836
75% Corpus,10,asymmetric,0.31,0.5881191902161208
75% Corpus,10,asymmetric,0.61,0.5520081568273751
75% Corpus,10,asymmetric,0.9099999999999999,0.5730839190473314
75% Corpus,10,asymmetric,symmetric,0.5580659629431112
100% Corpus,2,0.01,0.01,0.568522227835044
100% Corpus,2,0.01,0.31,0.5516619898385213
100% Corpus,2,0.01,0.61,0.5519139382912975
100% Corpus,2,0.01,0.9099999999999999,0.5519139382912976
100% Corpus,2,0.01,symmetric,0.5622540233143192
100% Corpus,2,0.31,0.01,0.5696127121992095
100% Corpus,2,0.31,0.31,0.5683938349993184
100% Corpus,2,0.31,0.61,0.586293491409843
100% Corpus,2,0.31,0.9099999999999999,0.5336874777397126
100% Corpus,2,0.31,symmetric,0.5743323226079271
100% Corpus,2,0.61,0.01,0.585393776143375
100% Corpus,2,0.61,0.31,0.5694740512040711
100% Corpus,2,0.61,0.61,0.5822328655498517
100% Corpus,2,0.61,0.9099999999999999,0.5710822531551365
100% Corpus,2,0.61,symmetric,0.5822328655498517
100% Corpus,2,0.9099999999999999,0.01,0.5916328108573161
100% Corpus,2,0.9099999999999999,0.31,0.582977178289261
100% Corpus,2,0.9099999999999999,0.61,0.5911215582656599
100% Corpus,2,0.9099999999999999,0.9099999999999999,0.5694740512040711
100% Corpus,2,0.9099999999999999,symmetric,0.5694740512040711
100% Corpus,2,symmetric,0.01,0.5981579801538397
100% Corpus,2,symmetric,0.31,0.5710822531551366
100% Corpus,2,symmetric,0.61,0.5786559002293683
100% Corpus,2,symmetric,0.9099999999999999,0.5694740512040712
100% Corpus,2,symmetric,symmetric,0.5804580348047446
100% Corpus,2,asymmetric,0.01,0.5797784358623408
100% Corpus,2,asymmetric,0.31,0.5689312973130395
100% Corpus,2,asymmetric,0.61,0.5754127416532432
100% Corpus,2,asymmetric,0.9099999999999999,0.5736368788357951
100% Corpus,2,asymmetric,symmetric,0.5861445563057701
100% Corpus,3,0.01,0.01,0.5521309825039159
100% Corpus,3,0.01,0.31,0.5699191639370912
100% Corpus,3,0.01,0.61,0.6116100206759648
100% Corpus,3,0.01,0.9099999999999999,0.5732948155968883
100% Corpus,3,0.01,symmetric,0.5740916444949599
100% Corpus,3,0.31,0.01,0.5918460244405899
100% Corpus,3,0.31,0.31,0.6098918232217574
100% Corpus,3,0.31,0.61,0.56298778143754
100% Corpus,3,0.31,0.9099999999999999,0.56298778143754
100% Corpus,3,0.31,symmetric,0.6052757258751728
100% Corpus,3,0.61,0.01,0.5940942001345869
100% Corpus,3,0.61,0.31,0.5865574317284777
100% Corpus,3,0.61,0.61,0.5760355803202372
100% Corpus,3,0.61,0.9099999999999999,0.5716641996653974
100% Corpus,3,0.61,symmetric,0.5722418215716674
100% Corpus,3,0.9099999999999999,0.01,0.5862649675619958
100% Corpus,3,0.9099999999999999,0.31,0.5789755145403218
100% Corpus,3,0.9099999999999999,0.61,0.5719635072444204
100% Corpus,3,0.9099999999999999,0.9099999999999999,0.5796836642299982
100% Corpus,3,0.9099999999999999,symmetric,0.5676904470430423
100% Corpus,3,symmetric,0.01,0.5918460244405899
100% Corpus,3,symmetric,0.31,0.5650739911623938
100% Corpus,3,symmetric,0.61,0.592252213994321
100% Corpus,3,symmetric,0.9099999999999999,0.5661089837178844
100% Corpus,3,symmetric,symmetric,0.5942842978245707
100% Corpus,3,asymmetric,0.01,0.5710342553000308
100% Corpus,3,asymmetric,0.31,0.5879282358518977
100% Corpus,3,asymmetric,0.61,0.585605447631565
100% Corpus,3,asymmetric,0.9099999999999999,0.5866192479708404
100% Corpus,3,asymmetric,symmetric,0.5929560209626432
100% Corpus,4,0.01,0.01,0.553231419699103
100% Corpus,4,0.01,0.31,0.5751418743688227
100% Corpus,4,0.01,0.61,0.5993005674310184
100% Corpus,4,0.01,0.9099999999999999,0.5948522798951464
100% Corpus,4,0.01,symmetric,0.5685287273164144
100% Corpus,4,0.31,0.01,0.5642505607290154
100% Corpus,4,0.31,0.31,0.533494854322107
100% Corpus,4,0.31,0.61,0.5605056327541396
100% Corpus,4,0.31,0.9099999999999999,0.5645374514702584
100% Corpus,4,0.31,symmetric,0.5297909302452573
100% Corpus,4,0.61,0.01,0.5534348704533214
100% Corpus,4,0.61,0.31,0.6249313936527947
100% Corpus,4,0.61,0.61,0.5941377808431866
100% Corpus,4,0.61,0.9099999999999999,0.5961709083406147
100% Corpus,4,0.61,symmetric,0.5826216370998413
100% Corpus,4,0.9099999999999999,0.01,0.5783833542441561
100% Corpus,4,0.9099999999999999,0.31,0.6059841461951355
100% Corpus,4,0.9099999999999999,0.61,0.5999366586710142
100% Corpus,4,0.9099999999999999,0.9099999999999999,0.6212500328311177
100% Corpus,4,0.9099999999999999,symmetric,0.6281044609313428
100% Corpus,4,symmetric,0.01,0.5645665854897155
100% Corpus,4,symmetric,0.31,0.5232892472271011
100% Corpus,4,symmetric,0.61,0.6102996550731594
100% Corpus,4,symmetric,0.9099999999999999,0.5402009139544244
100% Corpus,4,symmetric,symmetric,0.5564837891457981
100% Corpus,4,asymmetric,0.01,0.6088505387349665
100% Corpus,4,asymmetric,0.31,0.6267010097071994
100% Corpus,4,asymmetric,0.61,0.6444317067002074
100% Corpus,4,asymmetric,0.9099999999999999,0.6127019968359498
100% Corpus,4,asymmetric,symmetric,0.6303440993550042
100% Corpus,5,0.01,0.01,0.5621753622964245
100% Corpus,5,0.01,0.31,0.5735756596839511
100% Corpus,5,0.01,0.61,0.5696164501466512
100% Corpus,5,0.01,0.9099999999999999,0.5691564989551987
100% Corpus,5,0.01,symmetric,0.5707305702176053
100% Corpus,5,0.31,0.01,0.5776456023749132
100% Corpus,5,0.31,0.31,0.5792447095159383
100% Corpus,5,0.31,0.61,0.5741187004770296
100% Corpus,5,0.31,0.9099999999999999,0.5882866772065818
100% Corpus,5,0.31,symmetric,0.564020568143522
100% Corpus,5,0.61,0.01,0.5767124822901671
100% Corpus,5,0.61,0.31,0.6288615892206193
100% Corpus,5,0.61,0.61,0.6348041587719545
100% Corpus,5,0.61,0.9099999999999999,0.6106624009116539
100% Corpus,5,0.61,symmetric,0.6299337269694654
100% Corpus,5,0.9099999999999999,0.01,0.5974831795358287
100% Corpus,5,0.9099999999999999,0.31,0.6224465265175203
100% Corpus,5,0.9099999999999999,0.61,0.6287124730051407
100% Corpus,5,0.9099999999999999,0.9099999999999999,0.62544089945385
100% Corpus,5,0.9099999999999999,symmetric,0.6139005924612766
100% Corpus,5,symmetric,0.01,0.5618448493314824
100% Corpus,5,symmetric,0.31,0.5760051957590174
100% Corpus,5,symmetric,0.61,0.577229302555631
100% Corpus,5,symmetric,0.9099999999999999,0.5799621494740462
100% Corpus,5,symmetric,symmetric,0.5637532507857648
100% Corpus,5,asymmetric,0.01,0.6578237221021245
100% Corpus,5,asymmetric,0.31,0.666788196653052
100% Corpus,5,asymmetric,0.61,0.6676788780398393
100% Corpus,5,asymmetric,0.9099999999999999,0.6407093220085234
100% Corpus,5,asymmetric,symmetric,0.6594489666273123
100% Corpus,6,0.01,0.01,0.5672799323013645
100% Corpus,6,0.01,0.31,0.5633119653246088
100% Corpus,6,0.01,0.61,0.5669139247835361
100% Corpus,6,0.01,0.9099999999999999,0.5663351476306363
100% Corpus,6,0.01,symmetric,0.5755090970874575
100% Corpus,6,0.31,0.01,0.5998539327241881
100% Corpus,6,0.31,0.31,0.5791428121789548
100% Corpus,6,0.31,0.61,0.5770950718401378
100% Corpus,6,0.31,0.9099999999999999,0.5857431379568717
100% Corpus,6,0.31,symmetric,0.5936651578238016
100% Corpus,6,0.61,0.01,0.558792436230758
100% Corpus,6,0.61,0.31,0.5653422759549381
100% Corpus,6,0.61,0.61,0.583175562655335
100% Corpus,6,0.61,0.9099999999999999,0.5762390939992782
100% Corpus,6,0.61,symmetric,0.5901934682746893
100% Corpus,6,0.9099999999999999,0.01,0.5946354876159644
100% Corpus,6,0.9099999999999999,0.31,0.5885092405161814
100% Corpus,6,0.9099999999999999,0.61,0.5670701895400865
100% Corpus,6,0.9099999999999999,0.9099999999999999,0.5910246474312136
100% Corpus,6,0.9099999999999999,symmetric,0.5910511369756909
100% Corpus,6,symmetric,0.01,0.5722773850162718
100% Corpus,6,symmetric,0.31,0.5819890940430295
100% Corpus,6,symmetric,0.61,0.589625702747415
100% Corpus,6,symmetric,0.9099999999999999,0.5824929609217526
100% Corpus,6,symmetric,symmetric,0.5719941369585904
100% Corpus,6,asymmetric,0.01,0.5818323945177867
100% Corpus,6,asymmetric,0.31,0.5795269082247939
100% Corpus,6,asymmetric,0.61,0.6160112626725036
100% Corpus,6,asymmetric,0.9099999999999999,0.6395935584941062
100% Corpus,6,asymmetric,symmetric,0.6187998065721889
100% Corpus,7,0.01,0.01,0.5698337449804212
100% Corpus,7,0.01,0.31,0.5312223231255291
100% Corpus,7,0.01,0.61,0.5690132793741054
100% Corpus,7,0.01,0.9099999999999999,0.5490997047517773
100% Corpus,7,0.01,symmetric,0.5505339030308825
100% Corpus,7,0.31,0.01,0.579057575677825
100% Corpus,7,0.31,0.31,0.613389158954596
100% Corpus,7,0.31,0.61,0.6054964664311161
100% Corpus,7,0.31,0.9099999999999999,0.601867770979317
100% Corpus,7,0.31,symmetric,0.5963532717449106
100% Corpus,7,0.61,0.01,0.5482069746134318
100% Corpus,7,0.61,0.31,0.577081225202778
100% Corpus,7,0.61,0.61,0.5732222678770881
100% Corpus,7,0.61,0.9099999999999999,0.5797867155143067
100% Corpus,7,0.61,symmetric,0.5789134088847833
100% Corpus,7,0.9099999999999999,0.01,0.5919446022023848
100% Corpus,7,0.9099999999999999,0.31,0.6107660583391491
100% Corpus,7,0.9099999999999999,0.61,0.609911027041785
100% Corpus,7,0.9099999999999999,0.9099999999999999,0.6126581063354453
100% Corpus,7,0.9099999999999999,symmetric,0.6173544365122485
100% Corpus,7,symmetric,0.01,0.5874894911622676
100% Corpus,7,symmetric,0.31,0.6047163028798747
100% Corpus,7,symmetric,0.61,0.5844219912980534
100% Corpus,7,symmetric,0.9099999999999999,0.5811136274902092
100% Corpus,7,symmetric,symmetric,0.5598162253604445
100% Corpus,7,asymmetric,0.01,0.6234096412903527
100% Corpus,7,asymmetric,0.31,0.6118963569823811
100% Corpus,7,asymmetric,0.61,0.6067704546565118
100% Corpus,7,asymmetric,0.9099999999999999,0.6388631063278177
100% Corpus,7,asymmetric,symmetric,0.6106001483900629
100% Corpus,8,0.01,0.01,0.5861494782845847
100% Corpus,8,0.01,0.31,0.5663563648772789
100% Corpus,8,0.01,0.61,0.5445637935547345
100% Corpus,8,0.01,0.9099999999999999,0.531834856224999
100% Corpus,8,0.01,symmetric,0.5695550369991447
100% Corpus,8,0.31,0.01,0.5873878232613798
100% Corpus,8,0.31,0.31,0.603565265964718
100% Corpus,8,0.31,0.61,0.592406823090611
100% Corpus,8,0.31,0.9099999999999999,0.583472838858334
100% Corpus,8,0.31,symmetric,0.5923087023452105
100% Corpus,8,0.61,0.01,0.5630818333762768
100% Corpus,8,0.61,0.31,0.5829318470903081
100% Corpus,8,0.61,0.61,0.5898154959460702
100% Corpus,8,0.61,0.9099999999999999,0.5795598816858949
100% Corpus,8,0.61,symmetric,0.5965176137248095
100% Corpus,8,0.9099999999999999,0.01,0.6043122857616625
100% Corpus,8,0.9099999999999999,0.31,0.6037278283504685
100% Corpus,8,0.9099999999999999,0.61,0.6059646286843114
100% Corpus,8,0.9099999999999999,0.9099999999999999,0.5988448905717888
100% Corpus,8,0.9099999999999999,symmetric,0.607648096850969
100% Corpus,8,symmetric,0.01,0.5990754031360639
100% Corpus,8,symmetric,0.31,0.5887694749848333
100% Corpus,8,symmetric,0.61,0.5689844409087845
100% Corpus,8,symmetric,0.9099999999999999,0.5706384402641482
100% Corpus,8,symmetric,symmetric,0.5495221333702371
100% Corpus,8,asymmetric,0.01,0.6147078750631043
100% Corpus,8,asymmetric,0.31,0.6398420958747173
100% Corpus,8,asymmetric,0.61,0.5965158656000551
100% Corpus,8,asymmetric,0.9099999999999999,0.6127794224391382
100% Corpus,8,asymmetric,symmetric,0.6239337704324474
100% Corpus,9,0.01,0.01,0.5621853242643096
100% Corpus,9,0.01,0.31,0.5493345323925504
100% Corpus,9,0.01,0.61,0.5855742243280786
100% Corpus,9,0.01,0.9099999999999999,0.5664664358779291
100% Corpus,9,0.01,symmetric,0.5421876997739924
100% Corpus,9,0.31,0.01,0.5649518447800929
100% Corpus,9,0.31,0.31,0.6122789391387313
100% Corpus,9,0.31,0.61,0.5970601524464697
100% Corpus,9,0.31,0.9099999999999999,0.6251081667197379
100% Corpus,9,0.31,symmetric,0.5679496666668572
100% Corpus,9,0.61,0.01,0.5676721284650104
100% Corpus,9,0.61,0.31,0.5764807124040363
100% Corpus,9,0.61,0.61,0.5722200412187048
100% Corpus,9,0.61,0.9099999999999999,0.5747833820267221
100% Corpus,9,0.61,symmetric,0.5768210437393028
100% Corpus,9,0.9099999999999999,0.01,0.5674400039670411
100% Corpus,9,0.9099999999999999,0.31,0.5898971899053685
100% Corpus,9,0.9099999999999999,0.61,0.5912417046660478
100% Corpus,9,0.9099999999999999,0.9099999999999999,0.5864568246161441
100% Corpus,9,0.9099999999999999,symmetric,0.5916672163997219
100% Corpus,9,symmetric,0.01,0.5629821893978681
100% Corpus,9,symmetric,0.31,0.556997714181677
100% Corpus,9,symmetric,0.61,0.6063433193931468
100% Corpus,9,symmetric,0.9099999999999999,0.6106232049216316
100% Corpus,9,symmetric,symmetric,0.5691140721348188
100% Corpus,9,asymmetric,0.01,0.5620242171737636
100% Corpus,9,asymmetric,0.31,0.6025873438659842
100% Corpus,9,asymmetric,0.61,0.6523970502638448
100% Corpus,9,asymmetric,0.9099999999999999,0.620267084906521
100% Corpus,9,asymmetric,symmetric,0.5732890171756652
100% Corpus,10,0.01,0.01,0.5890996740345023
100% Corpus,10,0.01,0.31,0.566847483798899
100% Corpus,10,0.01,0.61,0.5809730887253368
100% Corpus,10,0.01,0.9099999999999999,0.5274033072619689
100% Corpus,10,0.01,symmetric,0.5750634426729041
100% Corpus,10,0.31,0.01,0.5987566012493
100% Corpus,10,0.31,0.31,0.6198292680352395
100% Corpus,10,0.31,0.61,0.6028127680570338
100% Corpus,10,0.31,0.9099999999999999,0.5956265410250337
100% Corpus,10,0.31,symmetric,0.597096675022717
100% Corpus,10,0.61,0.01,0.564157679545527
100% Corpus,10,0.61,0.31,0.5662606914155977
100% Corpus,10,0.61,0.61,0.5613005743111499
100% Corpus,10,0.61,0.9099999999999999,0.56232852998821
100% Corpus,10,0.61,symmetric,0.5839803619516677
100% Corpus,10,0.9099999999999999,0.01,0.5867006835724204
100% Corpus,10,0.9099999999999999,0.31,0.6132808588775065
100% Corpus,10,0.9099999999999999,0.61,0.6026305751069536
100% Corpus,10,0.9099999999999999,0.9099999999999999,0.5872632862631739
100% Corpus,10,0.9099999999999999,symmetric,0.6093911285542534
100% Corpus,10,symmetric,0.01,0.5601957674925208
100% Corpus,10,symmetric,0.31,0.5998921550948644
100% Corpus,10,symmetric,0.61,0.5914121755299965
100% Corpus,10,symmetric,0.9099999999999999,0.5601833359573221
100% Corpus,10,symmetric,symmetric,0.5895634676283654
100% Corpus,10,asymmetric,0.01,0.5816178803766342
100% Corpus,10,asymmetric,0.31,0.5647959036213047
100% Corpus,10,asymmetric,0.61,0.5693498001785274
100% Corpus,10,asymmetric,0.9099999999999999,0.5709102152458556
100% Corpus,10,asymmetric,symmetric,0.5703362675003342
